	title	page_length	last_touched	lastrevid
0	Surfactant protein A1	31194	2021-12-01T01:46:22Z	1056213617
1	Surfactant protein A2	31602	2021-12-07T14:12:19Z	1056087140
2	MiR-155	86517	2021-12-07T14:16:43Z	1043454804
3	Epoxide hydrolase 2	26435	2021-12-07T14:18:06Z	1041057438
4	LIG3	30861	2021-12-01T01:46:31Z	1042913008
5	Kinesin family member 11	56692	2021-12-07T14:18:06Z	1043997675
6	NEDD4L	26812	2021-12-07T14:11:31Z	1043627709
7	NEDD4	27523	2021-12-07T14:11:30Z	1043627474
8	BCAR1	22677	2021-12-07T14:11:32Z	1032257196
9	NEDD9	64665	2021-12-07T14:11:39Z	1043628428
10	CSRP3	33889	2021-12-07T14:11:41Z	1040155235
11	PON1	16633	2021-12-07T14:11:30Z	1048405749
12	N-alpha-acetyltransferase 10	43692	2021-12-07T14:11:39Z	1053348825
13	NAA15	24726	2021-12-07T14:11:40Z	1047556389
14	IFNA2	20093	2021-12-07T14:11:39Z	1042038305
15	ERCC4	28462	2021-12-07T14:11:39Z	1040946095
16	ERCC1	45959	2021-12-07T14:11:30Z	1040946032
17	MYL2	31998	2021-12-07T14:11:39Z	1043246848
18	Atrial natriuretic peptide	28597	2021-12-07T14:05:07Z	1054920007
19	IGFBP3	38440	2021-12-01T01:46:22Z	1042040247
20	KCNE2	27930	2021-12-07T16:08:34Z	1057529519
21	CASS4	29272	2021-12-01T01:46:32Z	1055332927
22	Embryonal fyn-associated substrate	42293	2021-12-01T01:46:32Z	1041016185
23	RAPGEF3	30029	2021-12-07T14:11:31Z	1044544695
24	FHL2	40120	2021-12-07T14:11:31Z	1048405673
25	Troponin C type 1	36084	2021-12-07T14:11:39Z	1045875823
26	EPHX1	25732	2021-12-07T14:12:11Z	1040944627
27	ALOX15	44770	2021-12-07T14:11:30Z	1054255858
28	CUL4A	36664	2021-12-07T14:11:31Z	1048407431
29	CUL4B	23532	2021-12-07T14:11:39Z	1040158963
30	HSP90AB1	25795	2021-12-07T14:11:31Z	1053698390
31	Nav1.5	25228	2021-12-07T16:08:34Z	1032155116
32	Myosin binding protein C, cardiac	68361	2021-12-07T14:11:39Z	1053699176
33	RAPGEF4	22172	2021-12-07T14:11:40Z	1044544879
34	MAPK14	44288	2021-12-01T01:46:22Z	1051076518
35	KCNE1	30494	2021-12-07T16:08:34Z	1042808094
36	KCNE3	23767	2021-12-07T16:08:34Z	1042808593
37	Endothelial NOS	33340	2021-12-07T14:11:24Z	1049852294
38	Interferon alpha-1	24693	2021-12-07T14:11:39Z	1048404287
39	HFE (gene)	20063	2021-12-07T14:08:15Z	1054209550
40	TNNI1	15382	2021-12-07T14:11:39Z	1032036754
41	TNNI2	20647	2021-12-07T14:11:39Z	1045663166
42	TNNI3	25926	2021-12-07T10:54:26Z	1053701011
43	JAG1	21969	2021-12-07T14:10:56Z	1048409152
44	NGLY1	24019	2021-12-07T14:11:44Z	1043633310
45	PRKACA	13772	2021-12-07T14:11:24Z	1048409838
46	SCNN1A	26273	2021-12-07T16:08:34Z	1044796907
47	SCNN1B	24593	2021-12-07T16:08:34Z	1057197940
48	SCNN1G	27766	2021-12-07T16:08:34Z	1057197953
49	SCNN1D	12153	2021-12-07T16:08:34Z	1011216686
50	TNNT1	17077	2021-12-07T14:11:39Z	1045993604
51	TNNT2	46397	2021-12-07T10:54:26Z	1045664073
52	TNNT3	16233	2021-12-07T14:11:40Z	1053701033
53	MTA3	14255	2021-12-07T14:11:41Z	1050289441
54	MTA2	17033	2021-12-07T14:11:39Z	1050289426
55	MTA1	32261	2021-12-01T01:46:22Z	1050289408
56	SALL4	36923	2021-12-07T14:11:40Z	1044791974
57	Serum amyloid A1	32753	2021-12-07T14:11:32Z	1053700748
58	Valosin-containing protein	49653	2021-12-07T14:11:38Z	1052142746
59	Calponin 1	21759	2021-12-07T14:22:32Z	1024775639
60	Calponin 2	19988	2021-12-01T01:46:32Z	1040348114
61	Calponin 3, acidic	10503	2021-12-07T14:22:32Z	1040348174
62	NFE2L1	29445	2021-12-07T14:11:40Z	1043631163
63	PELP-1	33116	2021-12-07T14:08:48Z	1043924463
64	Jun dimerization protein	36361	2021-12-07T14:10:32Z	1048410393
65	Cytochrome b-245, alpha polypeptide	37082	2021-12-07T14:11:33Z	1048411809
66	MAFG	22304	2021-12-07T14:11:40Z	1043203060
67	MAFK	21524	2021-12-07T14:11:41Z	1043203186
68	MAFF (gene)	15879	2021-12-07T14:11:44Z	1032247073
69	HSD17B1	12745	2021-12-07T14:11:31Z	1053698339
70	Tenomodulin	27171	2021-12-07T14:12:40Z	1045711581
71	JADE1	47524	2021-12-07T14:11:44Z	1042734948
72	TEAD1	33207	2021-12-07T14:11:39Z	1048412053
73	TEAD2	16271	2021-12-07T14:11:25Z	1048412110
74	PRKCE	54255	2021-12-07T14:11:30Z	1048410454
75	KCNE4	15620	2021-12-07T16:08:34Z	1039580278
76	KCNE5	14071	2021-12-07T16:08:34Z	1032334332
77	POLD1	75633	2021-12-07T14:11:39Z	1043943949
78	APOA5	39657	2021-12-07T14:11:30Z	1048408305
79	IL17A	50662	2021-12-07T14:12:04Z	1042044045
80	Fibrillin 1	28778	2021-12-07T14:11:30Z	1051496154
81	PAK1	43653	2021-12-07T14:11:29Z	1056203338
82	PAK2	17792	2021-12-01T01:46:22Z	997202488
83	PAK3	7740	2021-12-07T14:11:39Z	1052087910
84	PAK4	24339	2021-12-07T14:11:39Z	1057568576
85	PAK6	12724	2021-12-07T14:11:47Z	1043908620
86	PAK5	17812	2021-12-07T14:11:40Z	1043908482
87	KLF4	55935	2021-12-07T14:11:31Z	1048413241
88	Carbonic anhydrase 12	16899	2021-12-07T14:11:39Z	1040382487
89	PDGFRA	31861	2021-12-07T14:12:24Z	1043921534
90	PDGFRB	31995	2021-12-07T14:11:30Z	1048413420
91	Binding immunoglobulin protein	31856	2021-12-01T01:46:23Z	1055053294
92	KMT2D	34921	2021-12-07T14:11:44Z	1048717326
93	MYH9	59597	2021-12-07T14:11:33Z	1048412949
94	Folliculin	46701	2021-12-07T14:10:40Z	1048413326
95	PURA	34370	2021-12-07T14:11:31Z	1048413009
96	PAX3	35292	2021-12-07T14:08:29Z	1043911985
97	SKIV2L	26296	2021-12-07T14:11:40Z	1054545466
98	Collagen, type III, alpha 1	28809	2021-12-07T14:09:37Z	1055740227
99	CSNK1D	120341	2021-12-07T14:11:23Z	1048389423
100	TBX3	39272	2021-12-07T14:11:39Z	1048389063
101	Tafazzin	58528	2021-12-07T14:07:45Z	1048388785
102	Interferon Lambda 4	55099	2021-12-07T14:26:06Z	1048415158
103	Integrin beta 6	35162	2021-12-07T14:11:39Z	1058708011
104	MID1	18947	2021-12-07T14:11:39Z	1048375061
105	SMC1A	21068	2021-12-07T14:10:50Z	1048376526
106	CLCN5	44004	2021-12-07T16:08:34Z	1053618525
107	Apolipoprotein D	44928	2021-12-07T14:10:12Z	1048377575
108	RAD21	58714	2021-12-07T14:11:39Z	1048377997
109	Melanocortin 2 receptor accessory protein	16486	2021-12-07T14:26:28Z	1049483065
110	MRAP2	18826	2021-12-07T14:19:51Z	1058680469
111	Kalirin	30651	2021-12-07T14:11:35Z	1050860001
112	ETFA	19436	2021-12-07T14:11:41Z	1048382493
113	ETFB	20543	2021-12-07T14:11:41Z	1048382441
114	ABCA7	27288	2021-12-07T14:11:41Z	1048382775
115	RBM10	53946	2021-12-07T14:11:40Z	1052022646
116	Zinc transporter ZIP12	24861	2021-12-07T14:24:56Z	1053619212
117	GABRB2	57833	2021-12-07T16:07:26Z	1039563715
118	AGTPBP1 (gene)	21681	2021-12-01T01:46:33Z	1039382813
119	WNK4	29865	2021-12-01T01:46:25Z	1046069381
120	TRPV6	96175	2021-12-07T16:08:34Z	1040697368
